Type,Simulation,case,tau_setup,lossValue,predictionAccuracy,avg_tau,stddev_tau,avg_each_local,stddev_each_local,avg_each_global,stddev_each_global,avg_betaAdapt,stddev_betaAdapt,avg_deltaAdapt,stddev_deltaAdapt,avg_rhoAdapt,stddev_rhoAdapt,total_time_recomputed
Type,Simulation,case,tau_setup,lossValue,predictionAccuracy,avg_tau,stddev_tau,avg_each_local,stddev_each_local,avg_each_global,stddev_each_global,avg_betaAdapt,stddev_betaAdapt,avg_deltaAdapt,stddev_deltaAdapt,avg_rhoAdapt,stddev_rhoAdapt,total_time_recomputed
distributed,0,0,-1,0.22407742973955308,0.8751,28.543287327478044,12.600097831920243,0.013007234977421499,0.0028042954423564068,0.12130108293165233,0.04981693542161845,12.060400256267384,25.817519809855856,0.5311190963319333,0.09229873292600133,0.36112152189927504,1.0557568401483286,15.047419892983287,
distributed,0,0,1,0.24727681587129396,0.8435,1.0,0.0,0.01316068127349983,0.006811574365227877,0.13825922691955564,0.05490601812072074,nan,nan,nan,nan,nan,nan,14.990570911112489,
distributed,0,0,2,0.23354473077649657,0.8579,1.989795918367347,0.14069079067862747,0.012588657368041316,0.004850187837503406,0.12771021486248862,0.04896598290148413,nan,nan,nan,nan,nan,nan,15.09808986359005,
distributed,0,0,3,0.22926025295111538,0.8622,2.9854545454545454,0.29012338845660307,0.012644087620896366,0.00426129294018668,0.12431808697681483,0.05487253195012263,nan,nan,nan,nan,nan,nan,15.02883300541605,
distributed,0,0,5,0.22634724693381983,0.8685,4.979328165374677,0.6283379061261193,0.012604728414501679,0.0032248620240310213,0.130351433864336,0.052818169724932015,nan,nan,nan,nan,nan,nan,15.248439688891018,
distributed,0,0,7,0.22505669281493199,0.8694,6.975257731958763,0.9927329682651321,0.013254806157705959,0.0029611731986464666,0.12142059976058231,0.05749178453951168,nan,nan,nan,nan,nan,nan,15.002960407500813,
distributed,0,0,10,0.22428609516346462,0.8714,9.969594594594595,1.6027053183738023,0.012856817088785041,0.002498938187068478,0.12007996811669715,0.05284423274097493,nan,nan,nan,nan,nan,nan,14.908119188589698,
distributed,0,0,20,0.22332651339856796,0.8723,19.9501312335958,4.14095399636364,0.012661069822493789,0.0025713608250461815,0.13111001798397087,0.05302206580898109,nan,nan,nan,nan,nan,nan,15.046050691354171,
distributed,0,0,30,0.22295435697124494,0.873,29.93348623853211,7.124432905485592,0.012758733345570393,0.0027190233317324754,0.12597584218249525,0.05197385150080655,nan,nan,nan,nan,nan,nan,15.256965602517568,
distributed,0,0,50,0.22303043199411252,0.8738,49.34226804123711,12.065768373373878,0.012704358043414592,0.001102127122267907,0.13699477384209555,0.06984777746960422,nan,nan,nan,nan,nan,nan,15.24874464322935,
distributed,0,0,70,0.22266787092676182,0.8744,68.85458167330677,19.571982526049833,0.012980157070682223,0.0007235653692929447,0.12851110540276137,0.04118711072523764,nan,nan,nan,nan,nan,nan,14.941681950547835,
distributed,0,0,100,0.2226774370007509,0.874,99.01186943620178,35.26595383652624,0.011937750830289544,0.0033549907974795047,0.12643892850660207,0.05684429525016929,nan,nan,nan,nan,nan,nan,14.783810607709059,
distributed,0,1,-1,0.22782641187975483,0.8632,9.174603174603174,3.065424178939254,0.01321434551504342,0.002473086030180396,0.1295709900623334,0.06004945098018194,11.948901569310612,2.978169921428503,1.3353456045577485,0.1916217635380682,0.9002413494776722,0.20842719031182141,14.727688756504154,
distributed,0,1,1,0.24519748222538507,0.8458,1.0,0.0,0.013307294553051685,0.006924699921982703,0.12702448356728002,0.051122610461088486,nan,nan,nan,nan,nan,nan,15.015500258875491,
distributed,0,1,2,0.23502082962290943,0.8549,1.988888888888889,0.14661169301237728,0.013064268761899001,0.0051903982338571825,0.1393456984415216,0.04752798696448506,nan,nan,nan,nan,nan,nan,15.028436612571022,
distributed,0,1,3,0.23081202939444406,0.8592,2.9844357976653697,0.2997334439173632,0.012646520472858015,0.003568634551143312,0.13687984520825824,0.05005406085883449,nan,nan,nan,nan,nan,nan,15.159817135704875,
distributed,0,1,5,0.22845604577940437,0.863,4.9728260869565215,0.56975628317924,0.013179239917277307,0.003596885195641837,0.13475362074884123,0.049910891109336185,nan,nan,nan,nan,nan,nan,14.998920919853303,
distributed,0,1,7,0.2276262691608474,0.8629,6.965591397849463,0.9332154110708886,0.013355694982113853,0.0029181349240512836,0.12877618866158352,0.05490133112620949,nan,nan,nan,nan,nan,nan,15.03111096838222,
distributed,0,1,10,0.22804566655545305,0.8633,9.967391304347826,1.6560139707949761,0.013171415707513384,0.002244668171217763,0.13308153318115268,0.060610802400488994,nan,nan,nan,nan,nan,nan,14.86321576953774,
distributed,0,1,20,0.2302102212513936,0.8632,19.948787061994608,4.190876412148972,0.013387000459942709,0.002165537954269303,0.13437031711425357,0.05569057830908733,nan,nan,nan,nan,nan,nan,14.93503619981512,
distributed,0,1,30,0.23164132364661988,0.8611,29.694074969770252,5.793103448275862,0.013535521732632701,0.0020461707700117986,0.13700357351430503,0.05419975351485996,nan,nan,nan,nan,nan,nan,14.87813978167249,
distributed,0,1,50,0.23605444696708952,0.8578,49.89684210526316,10.670051546267244,0.01334472442481282,0.0010555880825501808,0.11149342838157532,0.04770347290450174,nan,nan,nan,nan,nan,nan,14.85118298573477,
distributed,0,1,70,0.23893121821725608,0.8542,69.85947046843177,22.819605057932094,0.013064208021294554,0.003030047942287573,0.1387432042268014,0.05808593690714313,nan,nan,nan,nan,nan,nan,14.913961397054345,
distributed,0,1,100,0.24047957054501956,0.8528,98.03018500486854,32.638061455232844,0.014374192954381526,0.005119139085869408,0.12637809328972335,0.05213799424537556,nan,nan,nan,nan,nan,nan,14.922763577527345,
distributed,0,2,-1,0.22411741772965543,0.876,96.48518896833504,43.09369242163651,0.013448235321724145,0.002514474552510015,0.10646893905552765,0.04564221628086401,1e-05,0.0,5.689087403524387e-17,2.185428616753146e-17,0.0,0.0,14.863239272352452,
distributed,0,2,1,0.2470478004518737,0.8438,1.0,0.0,0.013905403446702474,0.0068214324234720115,0.12957957436054612,0.05024315156302199,nan,nan,nan,nan,nan,nan,14.922437691953855,
distributed,0,2,2,0.236839843838125,0.851,1.9886363636363635,0.1482124264974485,0.013465706285343406,0.004315130989116994,0.14404293432281412,0.05008948824591818,nan,nan,nan,nan,nan,nan,15.194484103341484,
distributed,0,2,3,0.22959964536476252,0.8609,2.985294117647059,0.2916610405434508,0.0131233204509316,0.0037599371842926077,0.12354215625136222,0.05432753338696252,nan,nan,nan,nan,nan,nan,14.951922542370088,
distributed,0,2,5,0.22785648923444274,0.8677,4.979328165374677,0.6283379061261193,0.013260028797236558,0.0030332379489083796,0.12586630408780966,0.048808803546060216,nan,nan,nan,nan,nan,nan,15.026238130818484,
distributed,0,2,7,0.22516354425359728,0.8689,6.975609756097561,0.9860132971832692,0.01338793904456978,0.002969732252236267,0.12003110051050525,0.05053519210599176,nan,nan,nan,nan,nan,nan,15.119788581844558,
distributed,0,2,10,0.2258617669336788,0.8666,9.948096885813149,1.2182184966824683,0.012574402019751877,0.002746069177189089,0.13005877207625688,0.048440184166107424,nan,nan,nan,nan,nan,nan,15.056796626549614,
distributed,0,2,20,0.2239614286315565,0.8699,19.94736842105263,4.242640687119285,0.013694207800045044,0.001657723324682714,0.13946244643489827,0.06321796999029825,nan,nan,nan,nan,nan,nan,15.114367800892351,
distributed,0,2,30,0.2235939637838381,0.875,29.93348623853211,7.124432905485592,0.01305595811102679,0.0021827995543106213,0.11116424782944127,0.058693768559079276,nan,nan,nan,nan,nan,nan,14.955414038664657,
distributed,0,2,50,0.22373848262261378,0.8709,49.61453744493392,13.832570260078205,0.01322418858546324,0.0009461501734820073,0.14718042767942605,0.062000562599949495,nan,nan,nan,nan,nan,nan,14.877920532169084,
distributed,0,2,70,0.22373848262261378,0.8709,68.65143464399574,19.268166031623824,0.012918157075609832,0.0013303587519935122,0.167749022028702,0.0429663487486387,nan,nan,nan,nan,nan,nan,14.959569044701501,
distributed,0,2,100,0.22294240187702755,0.874,97.86711930164888,32.042831578303996,0.012312002526277796,0.002697028027317621,0.12948645213218027,0.04316989404598177,nan,nan,nan,nan,nan,nan,15.085322438088353,
distributed,0,3,-1,0.23729160901080382,0.8544,4.1309904153354635,1.2853176737644858,0.013217090031743749,0.004281784343688918,0.1294114928585872,0.05697328236428562,25.89435782651862,3.07292954123389,2.7509406460603962,0.4013375583483285,1.7652975413162448,0.3920437254851833,15.1682085260591,
distributed,0,3,1,0.24501330214055234,0.8449,1.0,0.0,0.011933191749813972,0.007145969747926747,0.12536499317910496,0.05216872957818987,nan,nan,nan,nan,nan,nan,14.965502157252168,
distributed,0,3,2,0.2367762400333628,0.8532,1.9896907216494846,0.14139190265868384,0.012734820179000116,0.004673016993242479,0.12817503912208994,0.05306802179966694,nan,nan,nan,nan,nan,nan,15.04376714425414,
distributed,0,3,3,0.23561962073199755,0.8544,2.9847908745247147,0.296424852994897,0.013041376413079633,0.0037585236695691624,0.13042842065499635,0.05499379364365306,nan,nan,nan,nan,nan,nan,15.079358931087214,
distributed,0,3,5,0.23745643606080175,0.8545,4.973544973544974,0.5625040994209796,0.013646638859658743,0.0032472197524351944,0.12918345434584105,0.059872087144968396,nan,nan,nan,nan,nan,nan,15.067465957313908,
distributed,0,3,7,0.24029217621184648,0.8515,6.975257731958763,0.9927329682651321,0.013040441702037333,0.0023389244291295978,0.12414198618866314,0.04837191506770268,nan,nan,nan,nan,nan,nan,15.116985703583012,
distributed,0,3,10,0.24684515493181933,0.8448,9.969072164948454,1.6155494421403511,0.012930225396761606,0.0029411904624474807,0.12381756713582667,0.04927366769519155,nan,nan,nan,nan,nan,nan,14.990401864815857,
distributed,0,3,20,0.2666628843773603,0.8228,19.925575101488498,3.0495674276600075,0.01339305611470216,0.0021057233411541647,0.1374217644931491,0.05169098466876297,nan,nan,nan,nan,nan,nan,15.034604488614452,
distributed,0,3,30,0.27747660107549865,0.813,29.762456546929318,5.352154291082756,0.012923348261930208,0.0011693802328895137,0.12688788566982145,0.05913492135296364,nan,nan,nan,nan,nan,nan,15.059504002581383,
distributed,0,3,50,0.2930324865492516,0.8,49.891352549889135,14.7,0.01365581883448353,0.0012028457221877546,0.14029260486278744,0.05563138144903698,nan,nan,nan,nan,nan,nan,14.925858866149198,
distributed,0,3,70,0.3010221180024213,0.7921,68.798828125,17.524982168321884,0.012952564650190216,0.0006541515848997409,0.12024426026672999,0.04046246741250934,nan,nan,nan,nan,nan,nan,15.145944823150572,
distributed,0,3,100,0.3042275498913983,0.7891,98.64763779527559,34.405264455054294,0.013448392487682828,0.0009515398519783023,0.12373290107226705,0.04276198032161128,nan,nan,nan,nan,nan,nan,14.872117791139322,
distributed,1,0,-1,0.22321291469754492,0.8731,34.59842519685039,15.285287043428394,0.013296087679641614,0.0016082381584864797,0.15111551164153253,0.06266646308913476,7.295865318634499,3.370191128177028,0.5422195341103332,0.07490407603693182,0.17695903334468893,0.1445697489321476,14.742106795292528,
distributed,1,0,1,0.24755769464564478,0.8432,1.0,0.0,0.012694471042112278,0.006536317727941543,0.14198295762560534,0.05050942826002916,nan,nan,nan,nan,nan,nan,15.158388009436328,
distributed,1,0,2,0.23435317257008728,0.8557,1.9891304347826086,0.14506169422830154,0.01355850294315425,0.004699996777195886,0.13643458318422333,0.05482034298376596,nan,nan,nan,nan,nan,nan,15.176401397606288,
distributed,1,0,3,0.2304029536338419,0.8613,2.9840637450199203,0.30315526415823824,0.012986102747112097,0.004155640595755737,0.13745563739555866,0.0605914527280147,nan,nan,nan,nan,nan,nan,14.982809120980697,
distributed,1,0,5,0.22650701714621196,0.8673,4.973958333333333,0.5004928537421317,0.012850363594409369,0.0030654077816569545,0.1299946266344678,0.05058400055727581,nan,nan,nan,nan,nan,nan,15.08366029763828,
distributed,1,0,7,0.2253138701255548,0.8697,6.974137931034483,1.013746349389064,0.013448453307921543,0.002734262988506399,0.13103801186416092,0.047431381879587335,nan,nan,nan,nan,nan,nan,15.198056669315623,
distributed,1,0,10,0.2242034137540334,0.8711,9.968531468531468,1.6287068520047763,0.012989392084350012,0.0029472854946174794,0.12730484656541985,0.04679785034447968,nan,nan,nan,nan,nan,nan,14.9443509743835,
distributed,1,0,20,0.22318640403788134,0.8732,19.929396662387678,2.974789908548165,0.01295930967717952,0.0014766614261294735,0.1279085668501841,0.05395213907758591,nan,nan,nan,nan,nan,nan,15.238064078453785,
distributed,1,0,30,0.22335963109632737,0.8711,29.708624708624708,5.630867310340981,0.013095527553978146,0.0015721359924280864,0.13476214106462317,0.05404433450634242,nan,nan,nan,nan,nan,nan,15.197172135478375,
distributed,1,0,50,0.2227320192039587,0.8732,49.41784989858012,10.759165264471433,0.012996725472605756,0.001265726802791851,0.10944840566808978,0.05684893703545044,nan,nan,nan,nan,nan,nan,15.050773705019713,
distributed,1,0,70,0.22270942751705966,0.8731,68.76610505450941,18.96532609131728,0.013190512443415004,0.0008100030696160599,0.12082062654434447,0.059471449715738714,nan,nan,nan,nan,nan,nan,15.170039701495377,
distributed,1,0,100,0.2226880086582516,0.8738,98.20612244897958,28.497063789592413,0.013046153321349119,0.0008990378386139263,0.16924701262671246,0.030235315136242884,nan,nan,nan,nan,nan,nan,14.882012006222157,
distributed,1,1,-1,0.22840688220339128,0.8617,9.422535211267606,3.2230525474664824,0.013329454989401466,0.0035125079174033722,0.13751764780941178,0.06153378055287777,11.880972312391869,2.8168156371791584,1.3308755054217727,0.18062624442042075,0.9009266166484328,0.21879087982512416,15.013218730610454,
distributed,1,1,1,0.2456131540528129,0.8452,1.0,0.0,0.013457761381735316,0.006429081183929865,0.12765109804174984,0.05553892957512067,nan,nan,nan,nan,nan,nan,14.957539098889427,
distributed,1,1,2,0.2358207067033832,0.8529,1.9887640449438202,0.14740554623801777,0.013668938133608062,0.004544800494042111,0.1394225016478411,0.05379938552554034,nan,nan,nan,nan,nan,nan,14.970217309589726,
distributed,1,1,3,0.23108677155646506,0.858,2.984251968503937,0.301429799925947,0.012877796853244644,0.0037945356620848044,0.13866197789847534,0.055817746973190724,nan,nan,nan,nan,nan,nan,15.193254789991816,
distributed,1,1,5,0.2282719705990923,0.8632,4.978494623655914,0.6402907926629705,0.013243760922992778,0.003182030632245107,0.1330183953441658,0.05586657943032526,nan,nan,nan,nan,nan,nan,15.009052232246319,
distributed,1,1,7,0.22828543759072467,0.8614,6.972477064220183,1.0439558180306292,0.013071675448987689,0.0027135632257331527,0.1448458272524853,0.04923940926481327,nan,nan,nan,nan,nan,nan,15.006482159366168,
distributed,1,1,10,0.22767629145669321,0.8641,9.96797153024911,1.6421904689366424,0.012612766503845137,0.0021420211159135444,0.13475355492167304,0.043170910795924104,nan,nan,nan,nan,nan,nan,15.0024375362409,
distributed,1,1,20,0.22929913375576202,0.8636,19.925975773889636,4.082160802550896,0.013609637888780158,0.0022277696774748285,0.1267846143939212,0.05286368734821638,nan,nan,nan,nan,nan,nan,14.87229701719274,
distributed,1,1,30,0.23164108084106075,0.8625,29.928571428571427,7.3484692283495345,0.012900386393095865,0.0014895789784980936,0.1526726255028839,0.05636270561324714,nan,nan,nan,nan,nan,nan,15.032707353553526,
distributed,1,1,50,0.23511949422229178,0.8587,49.89705882352941,14.38363267359428,0.012298090920636657,0.002876502410608731,0.1300218963138263,0.05037595180380175,nan,nan,nan,nan,nan,nan,15.06511548946342,
distributed,1,1,70,0.23943852490428086,0.8547,69.85947046843177,22.819605057932094,0.013508953394005747,0.0023815564777995893,0.12813493993083863,0.06429289696658823,nan,nan,nan,nan,nan,nan,14.976056846306086,
distributed,1,1,100,0.24226476872846725,0.8532,97.80412371134021,28.111262076889318,0.012654959364282015,0.0010127563977033014,0.11330742629533973,0.05428572661614952,nan,nan,nan,nan,nan,nan,14.998432382573695,
distributed,1,2,-1,0.22325865554000374,0.8719,98.72189349112426,45.86763564867935,0.012473767954872409,0.0016462881709007724,0.13590906213982545,0.04476355040749654,1e-05,0.0,5.12724381936492e-17,2.682945552300587e-17,0.0,0.0,15.021539436336386,
distributed,1,2,1,0.24983732231231148,0.8408,1.0,0.0,0.012691643491600218,0.006850212267929412,0.13851421903351452,0.04948170069581392,nan,nan,nan,nan,nan,nan,15.120586252511476,
distributed,1,2,2,0.23399668682130584,0.8565,1.989795918367347,0.14069079067862747,0.013175361221231193,0.005094367526818439,0.12606188895997758,0.04518009565349269,nan,nan,nan,nan,nan,nan,15.057775791880674,
distributed,1,2,3,0.2309802961083037,0.8622,2.9844357976653697,0.2997334439173632,0.013344766762854149,0.003981939352350988,0.13396841028293632,0.04964939779741215,nan,nan,nan,nan,nan,nan,15.070238566604203,
distributed,1,2,5,0.22670470980548446,0.8651,4.980099502487562,0.6170297873499276,0.013256383757676836,0.0033932684741017753,0.1217939803692985,0.052326830650754504,nan,nan,nan,nan,nan,nan,15.312582266796246,
distributed,1,2,7,0.2278611790774864,0.8648,6.974522292993631,1.0065945132861067,0.012650031316697244,0.0031036263081871468,0.13031887493906555,0.054903675444139884,nan,nan,nan,nan,nan,nan,14.979876090124453,
distributed,1,2,10,0.22473573949042114,0.869,9.946808510638299,1.4714888478173702,0.013225066598110218,0.0025651208900724005,0.13101384305674196,0.04898461536282753,nan,nan,nan,nan,nan,nan,14.976892245287555,
distributed,1,2,20,0.2233903908479164,0.8747,19.952618453865338,4.046218244999619,0.012779649472889506,0.002426560177831682,0.11659190796508924,0.04934813365817651,nan,nan,nan,nan,nan,nan,15.07024364849185,
distributed,1,2,30,0.22390581120113595,0.8714,29.78824969400245,6.746999156801394,0.013128782119288756,0.0014528031168870182,0.1418967824538157,0.05267462110157367,nan,nan,nan,nan,nan,nan,15.028299139111148,
distributed,1,2,50,0.22290439149206165,0.8743,49.47559709241952,12.881458488428848,0.013237633815144166,0.0011562467489551313,0.12280473192790607,0.06243768010406074,nan,nan,nan,nan,nan,nan,15.217072866013886,
distributed,1,2,70,0.22359635641309947,0.8721,69.65916069600819,17.169223110619253,0.012864213357705065,0.002541895754772648,0.1316417586188275,0.042425843940024174,nan,nan,nan,nan,nan,nan,15.16644363446298,
distributed,1,2,100,0.22301376140904974,0.8746,97.79767666989352,31.75546759571054,0.01280511485411226,0.0008709039410943988,0.1267172915548491,0.06037384967885377,nan,nan,nan,nan,nan,nan,14.922181247482216,
distributed,1,3,-1,0.2381624538788452,0.8548,4.419354838709677,1.1783480619599007,0.013302944482566777,0.0029808849310715606,0.14328963116031904,0.04975653183628085,25.855483183189648,3.5296616891191706,2.781671328853999,0.41206497347887117,1.7257666421312137,0.3977737913019624,14.9572926234622,
distributed,1,3,1,0.24585715636084807,0.8453,1.0,0.0,0.013220875511536724,0.006427520208413444,0.13032753307314116,0.04924986545350672,nan,nan,nan,nan,nan,nan,15.072582901391172,
distributed,1,3,2,0.23744982477298038,0.8534,1.989247311827957,0.14430489325798443,0.01272426254780569,0.00484101949430037,0.13472247572839532,0.04884055534333318,nan,nan,nan,nan,nan,nan,15.04900757335595,
distributed,1,3,3,0.2348525537851882,0.8568,2.985294117647059,0.2916610405434508,0.01329297319433681,0.004068074156056449,0.12158921993337485,0.05063225855501198,nan,nan,nan,nan,nan,nan,14.831181368333427,
distributed,1,3,5,0.23680939787130348,0.8553,4.979848866498741,0.6207311155543968,0.01334759524951498,0.003470023775047731,0.12072710981959937,0.05073974154028593,nan,nan,nan,nan,nan,nan,15.047567868756202,
distributed,1,3,7,0.24143981292764854,0.8501,6.9737417943107225,1.0210526194917653,0.013251432741818621,0.0026023348441171702,0.1363587726833336,0.049914678787530926,nan,nan,nan,nan,nan,nan,15.142238183578964,
distributed,1,3,10,0.24776540951073836,0.8435,9.945255474452555,1.2494896917525644,0.01342488267945678,0.0026702424584315494,0.13295794276069636,0.057855331170479724,nan,nan,nan,nan,nan,nan,14.85315322632133,
distributed,1,3,20,0.264315174406576,0.8255,19.9501312335958,4.14095399636364,0.012975944684656284,0.001601479411358654,0.1292156278589855,0.04991522429111431,nan,nan,nan,nan,nan,nan,15.003855156502297,
distributed,1,3,30,0.2761798009970385,0.8143,29.93348623853211,7.124432905485592,0.013184973464191656,0.001919007569164507,0.11459427493586956,0.047707181668243406,nan,nan,nan,nan,nan,nan,15.306645527247811,
distributed,1,3,50,0.29187724303791185,0.8012,49.89705882352941,14.38363267359428,0.012935487179155084,0.001897760001695274,0.1323832741741822,0.05894257115850063,nan,nan,nan,nan,nan,nan,15.078958045321354,
distributed,1,3,70,0.30167516007839146,0.7924,68.66561514195584,18.271288952889996,0.012705829101778563,0.0028783783792703916,0.14207701648459448,0.036206966606524865,nan,nan,nan,nan,nan,nan,14.94136683823481,
distributed,1,3,100,0.31109752414864494,0.7818,97.52621544327931,29.72781619217186,0.013662785627530018,0.0022195782128650045,0.12350447647610259,0.03399322832277219,nan,nan,nan,nan,nan,nan,15.085100111386618,
Type,Simulation,case,tau_setup,lossValue,predictionAccuracy,avg_tau,stddev_tau,avg_each_local,stddev_each_local,avg_each_global,stddev_each_global,avg_betaAdapt,stddev_betaAdapt,avg_deltaAdapt,stddev_deltaAdapt,avg_rhoAdapt,stddev_rhoAdapt,total_time_recomputed
distributed,0,0,-1,0.18974949087637158,0.9484000039100647,14.760242792109256,4.874274756530761,0.013316289596628289,0.002519194518473464,0.12309062075123431,0.05515669647452039,49.227772319015514,15.31918659647816,2.157144323433704,0.2949654447433826,0.6470310234431325,0.29842028259727815,15.075100475492674,
distributed,0,0,1,0.5555850592255599,0.85129999935627,1.0,0.0,0.01300117914833475,0.006700301381962377,0.12813921688422963,0.05742644542836879,nan,nan,nan,nan,nan,nan,14.960881979451829,
distributed,0,0,2,0.35703240348647036,0.9057999986410143,1.99009900990099,0.1386483884679505,0.012789440308196204,0.0045432679704083155,0.12258668566002069,0.053966913830905364,nan,nan,nan,nan,nan,nan,15.087455416111267,
distributed,0,0,3,0.31325155743708266,0.9161000025272371,2.9844357976653697,0.2997334439173632,0.013235620606399386,0.0041388509816059895,0.13227148549558204,0.05471795363436245,nan,nan,nan,nan,nan,nan,14.909363319747778,
distributed,0,0,5,0.2503779285401107,0.9317000007629397,4.979591836734694,0.6244997998398398,0.013378667104693426,0.003539893960115197,0.12361569063977118,0.04939676929831158,nan,nan,nan,nan,nan,nan,15.086236515309315,
distributed,0,0,7,0.2255223260944089,0.9386000037193301,6.974137931034483,1.013746349389064,0.012819941496208569,0.002827044883067088,0.1312071326654968,0.05139641511044663,nan,nan,nan,nan,nan,nan,14.938208544390966,
distributed,0,0,10,0.21063147398332754,0.9429000067710878,9.940754039497307,1.2844214187875878,0.013724751874535592,0.002888751330427721,0.1316671373180239,0.046881729174043374,nan,nan,nan,nan,nan,nan,14.990576221934589,
distributed,0,0,20,0.17479081754262252,0.9526000046730039,19.863576158940397,3.12547169352641,0.0128147662998755,0.0024811821917509946,0.1321500461388553,0.046598775415455714,nan,nan,nan,nan,nan,nan,15.078833169479177,
distributed,0,0,30,0.1702009384954968,0.952600004673004,29.931116389548695,7.233870947762953,0.012993258170723295,0.0019211976227267542,0.12940140415784582,0.06550608212979597,nan,nan,nan,nan,nan,nan,15.127972418878612,
distributed,0,0,50,0.1559069969598204,0.9576000028848649,49.30290010741138,11.320225262776354,0.012667082287244785,0.0008110609396618465,0.1398548254378596,0.06567220653777273,nan,nan,nan,nan,nan,nan,14.614884564769186,
distributed,0,0,70,0.14742171566157283,0.9579000049829482,69.68194842406876,16.66571611872709,0.012079283061757502,0.00208275887971996,0.11506507214839255,0.047186708105205234,nan,nan,nan,nan,nan,nan,15.013307366594661,
distributed,0,0,100,0.15001096129883087,0.9590000045299529,97.79767666989352,31.75546759571054,0.012750104697285042,0.00189640295787686,0.13787102901719195,0.06378514234798323,nan,nan,nan,nan,nan,nan,15.259329760921608,
distributed,0,1,-1,0.45608496494591194,0.8825000017881394,5.869565217391305,1.4129505581954314,0.013520913131090205,0.003146372337815311,0.13935565195124167,0.05685440273399147,82.42666684993365,6.668488310936946,13.593614584020441,2.046343467847931,3.9789925104410178,1.24567053379872,15.08916314750537,
distributed,0,1,1,0.5390815781801936,0.8660999989509579,1.0,0.0,0.013307041992970494,0.007193263874037492,0.12746557711176107,0.05118940377806679,nan,nan,nan,nan,nan,nan,15.06267024420628,
distributed,0,1,2,0.5473915975789231,0.8488000005483622,1.9894736842105263,0.1428261375083551,0.012285406511019647,0.004806165950319839,0.13297540875778957,0.05733094842282281,nan,nan,nan,nan,nan,nan,15.09887446460955,
distributed,0,1,3,0.4642341123024623,0.8835000008344651,2.9846153846153847,0.29806538746827277,0.012989683772472038,0.00393844362225023,0.1334599499945826,0.04899279779924621,nan,nan,nan,nan,nan,nan,15.110701525989505,
distributed,0,1,5,0.42089403159916433,0.8914000022411345,4.979848866498741,0.6207311155543968,0.01379751202630121,0.003212589725438967,0.11911498921184828,0.05885808857645322,nan,nan,nan,nan,nan,nan,15.090473033089468,
distributed,0,1,7,0.4414733879516525,0.8838000017404558,6.9737417943107225,1.0210526194917653,0.013439236279266572,0.0032554283147603986,0.13310146625633432,0.047671009782803676,nan,nan,nan,nan,nan,nan,14.97681596341477,
distributed,0,1,10,0.44574237542847844,0.8830999988317493,9.96797153024911,1.6421904689366424,0.013266587235586602,0.0021860329178602766,0.13259164010191535,0.04595414487788206,nan,nan,nan,nan,nan,nan,15.149865229629029,
distributed,0,1,20,0.5017654027044771,0.8665000021457671,19.85122897800776,3.1889457505576977,0.012917066679604577,0.001714604613641025,0.12623378645029218,0.04439314035622057,nan,nan,nan,nan,nan,nan,15.04391123506303,
distributed,0,1,30,0.5629266557594148,0.8452000021934511,29.841099163679807,5.315716047598106,0.013257433599177974,0.001541225930231223,0.13861721510637032,0.06547405968767292,nan,nan,nan,nan,nan,nan,15.029940114360592,
distributed,0,1,50,0.6589774211744464,0.8138999974727633,49.42013129102845,13.038788287260438,0.01285404842926725,0.0014340973473997685,0.16208428463416313,0.06354859118265174,nan,nan,nan,nan,nan,nan,14.922650854594002,
distributed,0,1,70,0.7521001931528255,0.7852000033855433,68.99377593360995,17.42973194158635,0.013013564595740502,0.0011841073847517114,0.16251267346795345,0.04392195853495539,nan,nan,nan,nan,nan,nan,15.216851076939612,
distributed,0,1,100,0.8385165103276582,0.7413000017404556,99.80239520958084,36.89512162874653,0.013302294243890041,0.0007800648838366507,0.14332393168960564,0.04917655449345347,nan,nan,nan,nan,nan,nan,15.087786974320753,
distributed,0,2,-1,0.16953460288854932,0.9544000023603445,96.78701825557809,43.08581849172696,0.013743321128526652,0.002685232032393529,0.1395920234958933,0.048304914827059155,0.07512416087960196,0.26020308602274633,5.2706712182406035e-08,3.028556347750041e-08,0.0,0.0,14.950066770617068,
distributed,0,2,1,0.6134660556912427,0.8242999994754788,1.0,0.0,0.013285250191681865,0.007697998092644908,0.13580753587774208,0.05118456057216443,nan,nan,nan,nan,nan,nan,14.909278606942403,
distributed,0,2,2,0.37309609901159996,0.8995000034570693,1.9893617021276595,0.1435598073366932,0.013479658169001592,0.005549962299042798,0.13217399123323995,0.053714395350886866,nan,nan,nan,nan,nan,nan,15.106979732301495,
distributed,0,2,3,0.30874770083775094,0.9160999995470047,2.9851301115241635,0.29322338602475456,0.012808487069138941,0.004030192460705714,0.12604094767121204,0.05119232632554114,nan,nan,nan,nan,nan,nan,14.917863135150597,
distributed,0,2,5,0.28618593731274183,0.9227999991178513,4.978082191780822,0.47451486124539016,0.013672670485258793,0.0036368818409630403,0.13379522709088165,0.04848476859544249,nan,nan,nan,nan,nan,nan,14.878412882540788,
distributed,0,2,7,0.24966296213368594,0.9328000056743622,6.974137931034483,1.013746349389064,0.012665012553644323,0.0031368807498839226,0.13461072325162043,0.05478413887866918,nan,nan,nan,nan,nan,nan,15.11571625108071,
distributed,0,2,10,0.2162845308426768,0.942000002264977,9.96797153024911,1.6421904689366424,0.01245910137336654,0.0024492919071644305,0.1374389077244764,0.05700849287211196,nan,nan,nan,nan,nan,nan,15.098115234292015,
distributed,0,2,20,0.18679253492814812,0.9483000034093857,19.948787061994608,4.190876412148972,0.013081163334915234,0.001662742470599987,0.1406930622567634,0.053255421659697405,nan,nan,nan,nan,nan,nan,15.19574081525469,
distributed,0,2,30,0.1777830928377807,0.9497000050544738,29.931116389548695,7.233870947762953,0.013399693357888397,0.0028727211575593947,0.1300050637179804,0.04584032644453143,nan,nan,nan,nan,nan,nan,14.98423499441175,
distributed,0,2,50,0.16961471527193978,0.9530000025033953,49.89705882352941,14.38363267359428,0.0125227751160788,0.0015230358835931247,0.1382839787774905,0.04930290420405276,nan,nan,nan,nan,nan,nan,15.205052714038244,
distributed,0,2,70,0.16092287211989348,0.9535000050067901,68.83283582089553,19.44613955904873,0.013556106506974655,0.0014774706732199217,0.11947618094087539,0.053194108618855616,nan,nan,nan,nan,nan,nan,15.163205036397269,
distributed,0,2,100,0.15406593032802132,0.958200004696846,97.56951102588687,30.42876471732335,0.013240501256711862,0.00060985449673875,0.10504323138507911,0.04040698830823783,nan,nan,nan,nan,nan,nan,15.031609533470094,
distributed,0,3,-1,0.37221219332267835,0.8938999998569488,7.345572354211663,2.064899543300726,0.013264278330194484,0.002899467873447755,0.1280304948985498,0.04838804671047037,64.08733591086522,7.339075557732352,10.347614770416518,1.5994746246361127,3.072990304028116,0.9862068204392328,14.908621642403801,
distributed,0,3,1,0.5643441512435672,0.8525000017881394,1.0,0.0,0.013473972109281114,0.007024873995703331,0.132493832827154,0.051176411796534774,nan,nan,nan,nan,nan,nan,15.18065171338925,
distributed,0,3,2,0.4458371012409532,0.878899999856949,1.9895833333333333,0.14210359538237344,0.012911793151572532,0.005236069003278275,0.12931649928414468,0.05363091802225665,nan,nan,nan,nan,nan,nan,15.017839568603396,
distributed,0,3,3,0.4063119718680778,0.88879999935627,2.9846153846153847,0.29806538746827277,0.013242441971463272,0.003402215733044535,0.13054446198480776,0.05426792578647098,nan,nan,nan,nan,nan,nan,14.945473557308626,
distributed,0,3,5,0.38720217256496325,0.8876000022888186,4.978666666666666,0.46835451922520227,0.013049432698209183,0.002841498054754801,0.1346051841747479,0.05541642675548946,nan,nan,nan,nan,nan,nan,15.129832215987909,
distributed,0,3,7,0.3570654594153167,0.898099997639656,6.974522292993631,1.0065945132861067,0.012706883923368198,0.0029242371047423304,0.13258488158788453,0.047640822264211326,nan,nan,nan,nan,nan,nan,15.026495054594848,
distributed,0,3,10,0.3529104729865984,0.8972000002861026,9.957841483979763,1.5163712891602856,0.01313296572010933,0.0022099852220093235,0.11271879040278336,0.051893985140002014,nan,nan,nan,nan,nan,nan,14.70081717856831,
distributed,0,3,20,0.37539666789273407,0.8875000017881394,19.850136239782017,3.2126826235856534,0.013278268342761275,0.0016240312753381953,0.1388460915041084,0.056005182907514516,nan,nan,nan,nan,nan,nan,14.989756988597106,
distributed,0,3,30,0.3976503420621156,0.8763000041246414,29.696601941747574,6.037339225413051,0.013256678995451207,0.0012643585103226777,0.13503092233153438,0.04713254117362676,nan,nan,nan,nan,nan,nan,14.736818815064277,
distributed,0,3,50,0.43017034940421617,0.8642999994754789,49.32304526748971,11.856855991940083,0.01250002909961753,0.0019043796684145007,0.12160036973988086,0.0597688323293563,nan,nan,nan,nan,nan,nan,15.073911614983244,
distributed,0,3,70,0.4532734646648166,0.8529999989271163,69.2296072507553,21.09048585855717,0.012858854284091809,0.001218558278046501,0.1317921596979229,0.06332530396917666,nan,nan,nan,nan,nan,nan,14.908732996024572,
distributed,0,3,100,0.5076694146047037,0.8277000004053112,97.59942363112393,30.678779310787448,0.013212431847806494,0.0016507454241009697,0.14516956537865208,0.04301248007806105,nan,nan,nan,nan,nan,nan,15.007056231158867,
distributed,1,0,-1,0.20699982606184983,0.9426000034809113,14.869218500797448,4.858009923483758,0.012979112666864126,0.002302342729454642,0.14229716287849267,0.05582958238361205,48.871836400359825,13.482435648799978,2.2014822431880527,0.29804959821206883,0.6738310303016835,0.31291893144997723,14.933678964113742,
distributed,1,0,1,0.590411377350489,0.8500999993085864,1.0,0.0,0.01386608404053544,0.007517152023620852,0.13713485544250184,0.04850663750259114,nan,nan,nan,nan,nan,nan,14.949093008820697,
distributed,1,0,2,0.38913591076930376,0.8945000022649767,1.9891304347826086,0.14506169422830154,0.013909477856281998,0.004315182686300576,0.13432732308992587,0.05402909932610155,nan,nan,nan,nan,nan,nan,15.0502057334993,
distributed,1,0,3,0.3312528692123792,0.9085000008344655,2.9844357976653697,0.2997334439173632,0.01302509368843416,0.0043584120430028095,0.13478803902798892,0.04759067157688622,nan,nan,nan,nan,nan,nan,15.087395230787138,
distributed,1,0,5,0.2675329708183809,0.9258000016212468,4.979057591623037,0.6322475900481002,0.012830352034187068,0.003204988516820466,0.13013164515599854,0.05528022698432579,nan,nan,nan,nan,nan,nan,15.086433965289594,
distributed,1,0,7,0.24505147700818883,0.9292000043392182,6.960869565217391,0.8084538844149756,0.012910166282451454,0.0029191530986840447,0.1379258403816398,0.05054246746125117,nan,nan,nan,nan,nan,nan,15.178676539273907,
distributed,1,0,10,0.22223735541726158,0.9390000015497207,9.967391304347826,1.6560139707949761,0.013342686810069705,0.002885988875845916,0.13720642841709849,0.05940604286107433,nan,nan,nan,nan,nan,nan,15.201233178875775,
distributed,1,0,20,0.18327093962269522,0.949300003051758,19.95140664961637,4.092767230737295,0.013101700069731886,0.0018800823575457312,0.12498013009917228,0.07168921580218952,nan,nan,nan,nan,nan,nan,15.269956951521102,
distributed,1,0,30,0.17567513188502415,0.9503000020980832,29.720657276995304,6.124268663821556,0.013066880201169636,0.0013563123509901184,0.12409607734937536,0.04925162531079322,nan,nan,nan,nan,nan,nan,15.003070145672456,
Type,Simulation,case,tau_setup,lossValue,predictionAccuracy,avg_tau,stddev_tau,avg_each_local,stddev_each_local,avg_each_global,stddev_each_global,avg_betaAdapt,stddev_betaAdapt,avg_deltaAdapt,stddev_deltaAdapt,avg_rhoAdapt,stddev_rhoAdapt,total_time_recomputed
distributed,0,0,-1,0.22310858864753916,0.8724,37.357056694813025,15.834308541634416,0.01271419114530479,0.0022089363434397925,0.15017109001387627,0.039948407929149145,6.810540545430166,5.029733320740158,0.5375906948805186,0.10005111050336943,0.16980094094899909,0.16447442225041325,15.05883117455241,
distributed,0,0,1,0.24647037606808023,0.8428,1.0,0.0,0.013639074005579913,0.007853439995863108,0.13426098687974958,0.05334931546919892,nan,nan,nan,nan,nan,nan,15.085806210303604,
distributed,0,0,2,0.2339197484557337,0.8576,1.9895833333333333,0.14210359538237344,0.012946192144226565,0.004704256552984854,0.12687071949412762,0.05142988806308063,nan,nan,nan,nan,nan,nan,14.786909340380522,
distributed,0,0,3,0.23040428391720957,0.8614,2.9838709677419355,0.3049106779729928,0.012426085481422282,0.003893998296504474,0.1431212565652689,0.0609587623082897,nan,nan,nan,nan,nan,nan,15.11754825194779,
distributed,0,0,5,0.22646598306449492,0.8682,4.979057591623037,0.6322475900481002,0.013348856590394701,0.0030310686529677862,0.1278135175688547,0.057718585061181826,nan,nan,nan,nan,nan,nan,15.052209519194685,
distributed,0,0,7,0.2251351473770542,0.8692,6.975155279503106,0.7201190377787748,0.013110402504065227,0.002603941058415265,0.12387910739771356,0.05076213369134641,nan,nan,nan,nan,nan,nan,15.013344575366899,
distributed,0,0,10,0.224692116020913,0.8695,9.966165413533835,1.6847394776160547,0.013152150411073612,0.0021975046221691034,0.1492461036057715,0.060836496191223284,nan,nan,nan,nan,nan,nan,15.170811923717778,
distributed,0,0,20,0.2232684153283588,0.8727,19.948787061994608,4.190876412148972,0.012913910103614224,0.0013395157179331822,0.14012025158692476,0.06126502195282006,nan,nan,nan,nan,nan,nan,14.9950461244374,
distributed,0,0,30,0.22301749099122606,0.8733,29.8,5.279414950751856,0.013509220638548694,0.0025222810059779667,0.12860315026229638,0.03392470173683625,nan,nan,nan,nan,nan,nan,15.20748131809582,
distributed,0,0,50,0.22303043199411252,0.8738,49.31545064377682,11.248999955551605,0.013808994088841231,0.002193978498415289,0.11664013695013975,0.04548800294982758,nan,nan,nan,nan,nan,nan,14.85553259057683,
distributed,0,0,70,0.22268128583215746,0.8746,68.83283582089553,19.44613955904873,0.0131847078728413,0.001304652327002139,0.13195297951616497,0.05319290686775089,nan,nan,nan,nan,nan,nan,15.197060735819997,
distributed,0,0,100,0.22264235042452857,0.8737,98.27984344422701,33.418640839441025,0.013647566534972693,0.0023436352314009927,0.13263098306792445,0.06849868911751057,nan,nan,nan,nan,nan,nan,14.942400385741605,
distributed,0,1,-1,0.22796705861397326,0.8643,9.308300395256918,2.7164110309172447,0.013056674452034782,0.002868563406258338,0.13812386725522927,0.052426627315309844,11.548374403537766,2.502338947805387,1.3492616648580278,0.1820659988761519,0.9001942166464224,0.20867158103562689,14.869811206467569,
distributed,0,1,1,0.24598154392571145,0.8446,1.0,0.0,0.012699278254677758,0.006517024118815361,0.1313977872441657,0.048525672879086934,nan,nan,nan,nan,nan,nan,15.130191877378566,
distributed,0,1,2,0.23368475123005855,0.855,1.9898989898989898,0.13999999999999999,0.013433133696384407,0.004329815811512108,0.12669099977045822,0.04925066240152441,nan,nan,nan,nan,nan,nan,15.317366735650708,
distributed,0,1,3,0.2314157613246381,0.8575,2.983673469387755,0.30669691714115316,0.012730730551930611,0.003755517415444713,0.14433999794789473,0.05259159840222265,nan,nan,nan,nan,nan,nan,15.104933470001932,
distributed,0,1,5,0.2281892784395775,0.8629,4.979328165374677,0.6283379061261193,0.012854741612760642,0.0033089972535874897,0.1232287233622495,0.04941289592967636,nan,nan,nan,nan,nan,nan,14.757420506811139,
distributed,0,1,7,0.22759748107511588,0.8631,6.97489539748954,0.9995917534020515,0.01273751175561934,0.002732859580009616,0.12702156883791263,0.05452299438749263,nan,nan,nan,nan,nan,nan,14.998833442526266,
distributed,0,1,10,0.22840607111692843,0.8618,9.954462659380692,1.216253657418416,0.013484765001486603,0.0023576443434258475,0.13794261222687365,0.053799474500351635,nan,nan,nan,nan,nan,nan,15.11924518574429,
distributed,0,1,20,0.23044695282090796,0.8622,19.907651715039577,3.0280303473301586,0.013232855259220381,0.001814286339106291,0.12335082154543689,0.057599303173718475,nan,nan,nan,nan,nan,nan,14.955636290191945,
distributed,0,1,30,0.23114866432270814,0.8626,29.93348623853211,7.124432905485592,0.012901046172384752,0.002164872975733425,0.11951929114225746,0.05814993396555044,nan,nan,nan,nan,nan,nan,15.07321882444959,
distributed,0,1,50,0.2340776026062877,0.8619,49.5985401459854,13.399834161494521,0.012892021970460524,0.001193344802093034,0.1407559533837539,0.062354140711003425,nan,nan,nan,nan,nan,nan,15.139557769398566,
distributed,0,1,70,0.23812097461125345,0.8551,69.66192893401015,22.329825206436347,0.012522629251428838,0.003356371874552568,0.12072002768085038,0.0549043548644667,nan,nan,nan,nan,nan,nan,14.901909331253453,
distributed,0,1,100,0.24146513884141307,0.8521,99.17244796828543,35.61941964091436,0.012945399657902529,0.0008949133183987334,0.12323539448314141,0.06658830386978612,nan,nan,nan,nan,nan,nan,14.686225505684341,
distributed,0,2,-1,0.22294621520608232,0.8745,98.52673267326733,43.628066233392765,0.013293539942965352,0.003515572708293297,0.11834291474741965,0.04719257022042369,1e-05,0.0,5.717296661204529e-17,2.1630584048831844e-17,0.0,0.0,14.892278808507399,
distributed,0,2,1,0.24745399970761642,0.8438,1.0,0.0,0.013223129984151963,0.006892052121227263,0.13332110469787964,0.05520330901172179,nan,nan,nan,nan,nan,nan,14.947511937567233,
distributed,0,2,2,0.23427820214723055,0.8565,1.9895833333333333,0.14210359538237344,0.013036861141456666,0.005154412151217631,0.12865561549288787,0.053705044190626446,nan,nan,nan,nan,nan,nan,14.987163796069327,
distributed,0,2,3,0.22984612178433597,0.8611,2.9849624060150375,0.29481109247603554,0.013051472976358482,0.003749940890695051,0.13061288573510665,0.05408199075143465,nan,nan,nan,nan,nan,nan,15.222574452556259,
distributed,0,2,5,0.22762519061502695,0.8675,4.979057591623037,0.6322475900481002,0.012781592535217256,0.00357927594599105,0.1316861941931235,0.05076731926688369,nan,nan,nan,nan,nan,nan,15.219186395463344,
distributed,0,2,7,0.22532307685282638,0.8701,6.966597077244259,0.920181880867881,0.013208997940717617,0.002775997684454553,0.12422955137212693,0.04814742969296133,nan,nan,nan,nan,nan,nan,15.017326319424118,
distributed,0,2,10,0.22435262358284885,0.87,9.969072164948454,1.6155494421403511,0.012765302396908382,0.0028399113147397227,0.1281204800497643,0.045781820252838654,nan,nan,nan,nan,nan,nan,15.070918059103857,
distributed,0,2,20,0.22363970347114154,0.8712,19.95140664961637,4.092767230737295,0.012118412834754207,0.0025706480100743264,0.12736384015340926,0.04920328736481472,nan,nan,nan,nan,nan,nan,15.042372851279312,
distributed,0,2,30,0.2233317486174052,0.8748,29.846597462514417,5.230360089579556,0.013064631237662968,0.0020143347756181344,0.11660795088410397,0.05174116160680389,nan,nan,nan,nan,nan,nan,15.087100041413143,
distributed,0,2,50,0.22308483263959372,0.8737,49.89705882352941,14.38363267359428,0.012776117787405946,0.001103656072933808,0.12516573698240427,0.05010244071726992,nan,nan,nan,nan,nan,nan,15.00170746045294,
distributed,0,2,70,0.2231983251195763,0.8738,69.22125813449024,21.832290051409835,0.013590657549304734,0.0008799668506387094,0.17070139001920429,0.03818908065194248,nan,nan,nan,nan,nan,nan,14.83694282838674,
distributed,0,2,100,0.22294240187702755,0.874,99.80239520958084,36.89512162874653,0.01426761329185919,0.00256136310025549,0.1434371284921901,0.05524174712057722,nan,nan,nan,nan,nan,nan,15.078019596008309,
distributed,0,3,-1,0.23700238824872433,0.856,4.184049079754601,1.2210963342162864,0.012815317930422563,0.003666901815829573,0.1261835813997702,0.0531624711669407,25.544558040816902,3.1680225088508167,2.7216650434414698,0.409034610333314,1.7248115052341821,0.37230422408996444,15.028769537183987,
distributed,0,3,1,0.24639235320894864,0.8452,1.0,0.0,0.013464848462046293,0.007342441815761997,0.1331429438539437,0.04864117300114797,nan,nan,nan,nan,nan,nan,15.10060260854696,
distributed,0,3,2,0.23727893443655046,0.8543,1.989247311827957,0.14430489325798443,0.013233790223524895,0.004873183445308911,0.13206953987829734,0.051665475700441346,nan,nan,nan,nan,nan,nan,14.851315029649783,
distributed,0,3,3,0.23498554879227695,0.8545,2.985294117647059,0.2916610405434508,0.013267158124330315,0.003976233037321829,0.12435048289712751,0.053046692473328466,nan,nan,nan,nan,nan,nan,15.064449533229391,
distributed,0,3,5,0.2369580480909384,0.8569,4.979328165374677,0.6283379061261193,0.013067448148987016,0.0035319865310142725,0.12631223208449635,0.048488828887327085,nan,nan,nan,nan,nan,nan,15.0655517714577,
distributed,0,3,7,0.2412748622488921,0.8508,6.972477064220183,1.0439558180306292,0.013411070340861881,0.0024027586203663703,0.14326826984613905,0.05254575150406472,nan,nan,nan,nan,nan,nan,15.055943923436091,
distributed,0,3,10,0.24691307397295806,0.8447,9.969594594594595,1.6027053183738023,0.012703233456416413,0.002283565134078914,0.12091566775855568,0.05380234090278696,nan,nan,nan,nan,nan,nan,14.98832925767592,
distributed,0,3,20,0.2625301540493474,0.8265,19.856770833333332,3.5510561809129406,0.013027467105312922,0.0017484649288661187,0.12716969030554703,0.050952659693598884,nan,nan,nan,nan,nan,nan,15.029512720571555,
distributed,0,3,30,0.2798042540245286,0.8105,29.93095238095238,5.288130877799567,0.012785219302079653,0.001924757184115717,0.1417661754340699,0.05618778578234549,nan,nan,nan,nan,nan,nan,15.063056492832489,
distributed,0,3,50,0.2924253242777018,0.8016,49.89705882352941,14.38363267359428,0.012962975595398404,0.0013954550602308154,0.12299767793363718,0.04102656489027162,nan,nan,nan,nan,nan,nan,15.152246393916421,
distributed,0,3,70,0.30141046013528916,0.7929,69.85947046843177,22.819605057932094,0.012583280927020359,0.0009008976681185456,0.14125900031000127,0.0513680467343415,nan,nan,nan,nan,nan,nan,14.813526926298572,
distributed,0,3,100,0.3112617144636802,0.7823,99.80239520958084,36.89512162874653,0.013062970214248211,0.0034991429019021864,0.11750581570083314,0.05089362750798645,nan,nan,nan,nan,nan,nan,14.834924229183715,
distributed,1,0,-1,0.2233460325637759,0.8732,27.304568527918782,11.31099647882744,0.013312631209921991,0.0020184848227350807,0.1370981403246751,0.05864469675025809,7.760789088961953,3.680104350316204,0.542440059121403,0.095468469990971,0.18170220370970933,0.1498218345965379,15.210603696636225,
distributed,1,0,1,0.24441107010370908,0.8449,1.0,0.0,0.013542845658017558,0.006358218104220951,0.12193077101301669,0.05279237852634011,nan,nan,nan,nan,nan,nan,15.037571450484801,
distributed,1,0,2,0.23372258118321346,0.8569,1.989795918367347,0.14069079067862747,0.013784912527706365,0.004628190371810772,0.12687225373615524,0.061082486733034506,nan,nan,nan,nan,nan,nan,15.273462119658108,
distributed,1,0,3,0.23000091180270976,0.8606,2.9846743295019156,0.23591522150030333,0.013655668017554235,0.0040574841028593435,0.13087190323382344,0.050561217455716956,nan,nan,nan,nan,nan,nan,15.099024506807895,
distributed,1,0,5,0.22720249995988218,0.8648,4.9772727272727275,0.6573421981221795,0.013238878962104001,0.003108908755602649,0.14746515088275478,0.05250932378401187,nan,nan,nan,nan,nan,nan,15.281739018113134,
distributed,1,0,7,0.22500341214002584,0.8707,6.97489539748954,0.9995917534020515,0.012951672788499385,0.002730735449993466,0.12728008958392556,0.052770453752120965,nan,nan,nan,nan,nan,nan,15.136397358063045,
distributed,1,0,10,0.22462504361110663,0.8698,9.96797153024911,1.6421904689366424,0.012580580515024045,0.0020842180801557237,0.13673734172792207,0.046108904192366275,nan,nan,nan,nan,nan,nan,15.035183483402314,
distributed,1,0,20,0.22318640403788134,0.8732,19.9501312335958,4.14095399636364,0.013066070751599717,0.0014512606081955165,0.12922436866287185,0.05440661376210893,nan,nan,nan,nan,nan,nan,15.237178122515882,
distributed,1,0,30,0.22298622355789188,0.8734,29.931116389548695,7.233870947762953,0.013329675209329706,0.0017676336955083668,0.12832358726318163,0.04856461768379445,nan,nan,nan,nan,nan,nan,14.864106452215529,
distributed,1,0,50,0.22284182746384648,0.8736,49.31991294885746,12.443773543423232,0.012980178450844034,0.0009053344399662995,0.13544043933326302,0.0565741120288742,nan,nan,nan,nan,nan,nan,14.619457343381583,
distributed,1,0,70,0.22284641049248627,0.8734,68.7742946708464,17.81460075331468,0.013342628438024045,0.0007781820915904647,0.13462274300057828,0.056049367374827554,nan,nan,nan,nan,nan,nan,14.834313194348372,
distributed,1,0,100,0.22280033025050897,0.8739,97.7084942084942,31.337765643956743,0.012322479678140525,0.0024780576657081753,0.13548675868232304,0.03215779423967959,nan,nan,nan,nan,nan,nan,14.897712568463016,
distributed,1,1,-1,0.2278192916372987,0.864,9.332688588007738,3.0402523399799133,0.012433822304689464,0.0026063944297080375,0.133275706973397,0.05405750887734923,11.628365689385783,2.779064101928464,1.3048427448017474,0.18173424695212323,0.8887106817535981,0.21392468251894872,14.82757072895802,
distributed,1,1,1,0.24671329949847465,0.8444,1.0,0.0,0.012252543871205047,0.0065659793059940534,0.1355364086268537,0.04791564916751218,nan,nan,nan,nan,nan,nan,15.07447315480199,
distributed,1,1,2,0.233760184395885,0.8559,1.9898989898989898,0.13999999999999999,0.013618389326260168,0.005211917680338717,0.1244150455561733,0.052755537303285395,nan,nan,nan,nan,nan,nan,15.143527878036352,
distributed,1,1,3,0.2301523996603087,0.8593,2.985611510791367,0.28860978651596886,0.012785374232691106,0.004277572745764265,0.12228866839325989,0.04957416611570042,nan,nan,nan,nan,nan,nan,15.050352729253682,
distributed,1,1,5,0.22863553781824617,0.8629,4.9772727272727275,0.6573421981221795,0.012460437706835076,0.0029366269940193633,0.15100276576790958,0.05092869700210605,nan,nan,nan,nan,nan,nan,15.26021827690503,
distributed,1,1,7,0.2276113873692194,0.8634,6.97489539748954,0.9995917534020515,0.013090391391798687,0.00259882667061515,0.12655531657205285,0.05442451060799943,nan,nan,nan,nan,nan,nan,15.212937400048869,
distributed,1,1,10,0.22834062289973595,0.8633,9.966789667896679,1.670191850155703,0.013376229553940395,0.002318165343097393,0.135689746326603,0.04648441644437732,nan,nan,nan,nan,nan,nan,14.860999791582604,
distributed,1,1,20,0.22940747712719295,0.8633,19.948787061994608,4.190876412148972,0.01301958555561637,0.0017489957602570552,0.14589760387575937,0.042579540537056246,nan,nan,nan,nan,nan,nan,15.206310491896637,
distributed,1,1,30,0.23307888049333017,0.86,29.721071863581,6.31966524798673,0.013923942125041444,0.0028289739484813944,0.1297753753688455,0.053371183943047275,nan,nan,nan,nan,nan,nan,14.93122291541944,
distributed,1,1,50,0.23566317163144315,0.8578,49.31492842535787,11.303482095486912,0.012924789679122856,0.0012618722790928964,0.11800159907534907,0.06471152018127847,nan,nan,nan,nan,nan,nan,14.927191441905672,
distributed,1,1,70,0.24034657670127482,0.8536,69.59631147540983,17.167669873599298,0.013214371767425185,0.0006760370860515759,0.12889063805142117,0.06038318907889477,nan,nan,nan,nan,nan,nan,14.752344423113149,
distributed,1,1,100,0.24108670116087708,0.8527,98.173828125,33.10169515632428,0.012025926706312489,0.0037063512165688246,0.14467908759576703,0.03828430972654493,nan,nan,nan,nan,nan,nan,15.007116864902935,
distributed,1,2,-1,0.22319232401704267,0.8722,98.07661691542289,43.443195376143734,0.013603003902946,0.002611081236534189,0.12896530478376478,0.03370776003141135,1e-05,0.0,5.454765779351391e-17,2.5933530715629122e-17,0.0,0.0,15.188618177837299,
distributed,1,2,1,0.24516148380843886,0.8447,1.0,0.0,0.013628661385852054,0.006798563069639997,0.12150403652924185,0.054761416826484485,nan,nan,nan,nan,nan,nan,14.999729468575422,
distributed,1,2,2,0.23396347430644512,0.8563,1.9896907216494846,0.14139190265868384,0.013093643195686084,0.0048902481309005,0.12817882307593634,0.056386421394213924,nan,nan,nan,nan,nan,nan,15.091034993458642,
distributed,1,2,3,0.2309802961083037,0.8622,2.9844357976653697,0.2997334439173632,0.012734446837736963,0.003863815541708424,0.1309796244454474,0.05772415935525359,nan,nan,nan,nan,nan,nan,14.65729160679315,
distributed,1,2,5,0.22693505830473065,0.8668,4.979057591623037,0.6322475900481002,0.012777277808644018,0.0033237467352653163,0.130546550204597,0.04603127259285058,nan,nan,nan,nan,nan,nan,15.0287252843693,
distributed,1,2,7,0.2278611790774864,0.8648,6.974522292993631,1.0065945132861067,0.012602456515580273,0.0021755875591964475,0.13270914840829748,0.05575680864668037,nan,nan,nan,nan,nan,nan,15.119045557051267,
distributed,1,2,10,0.22673878764502692,0.8651,9.967391304347826,1.6560139707949761,0.013095307012852872,0.002674230685062906,0.13532232041208098,0.047748369755872176,nan,nan,nan,nan,nan,nan,15.01079898414981,
distributed,1,2,20,0.22373727906046426,0.8717,19.875661375661377,3.0852451559939005,0.012875997622112587,0.001278436690144185,0.13077849312375017,0.045139465809963884,nan,nan,nan,nan,nan,nan,14.822878560807814,
distributed,1,2,30,0.22342543163414344,0.8726,29.931116389548695,7.233870947762953,0.012877995429100527,0.0021326801047391424,0.13533508917677153,0.04086241805858255,nan,nan,nan,nan,nan,nan,15.113191987681812,
distributed,1,2,50,0.22290439149206165,0.8743,49.3698347107438,12.285898854279909,0.012542509863055214,0.0013368971403809082,0.12657579742657812,0.05492375989741363,nan,nan,nan,nan,nan,nan,14.992010660439622,
distributed,1,2,70,0.22333991278589632,0.8718,69.1427135678392,20.79729174075317,0.013022178878227913,0.0009221236535382364,0.12063228423535395,0.03878190493805368,nan,nan,nan,nan,nan,nan,14.96571474506609,
distributed,1,2,100,0.22356452394760756,0.8761,98.07602339181287,32.79100486413919,0.01410211507394868,0.0030845740392040724,0.12346153475411677,0.049048081324545724,nan,nan,nan,nan,nan,nan,15.037726280612622,
distributed,1,3,-1,0.23647205349119302,0.8545,4.213213213213213,1.214915886135523,0.012708437884259054,0.0036434463851702436,0.12464470060361091,0.04881172500657993,25.85482676263429,3.680941269658046,2.747653506031627,0.42182565390746973,1.7408450837537184,0.4163506660705487,15.13997354558479,
distributed,1,3,1,0.24684567346315675,0.8439,1.0,0.0,0.013442062057196107,0.006342571415387716,0.13635597280531095,0.0563631424280287,nan,nan,nan,nan,nan,nan,15.12960152111321,
distributed,1,3,2,0.23707247088994088,0.8536,1.9893617021276595,0.1435598073366932,0.013320852887520843,0.004582077729266763,0.13323787796876388,0.054373207926943216,nan,nan,nan,nan,nan,nan,15.159774297733392,
distributed,1,3,3,0.23596207048260084,0.8546,2.9840637450199203,0.30315526415823824,0.01338167052833799,0.0037714376568417363,0.137569993813043,0.05853592268879231,nan,nan,nan,nan,nan,nan,15.034378695682816,
distributed,1,3,5,0.23696792206523024,0.8555,4.979328165374677,0.6283379061261193,0.013119104595819712,0.0034653296801659874,0.12612412663264855,0.05465014297034877,nan,nan,nan,nan,nan,nan,15.005659014214164,
distributed,1,3,7,0.24009545090859938,0.8519,6.975609756097561,0.9860132971832692,0.013147977330575543,0.002822684776644471,0.12095273657279915,0.05055296477372034,nan,nan,nan,nan,nan,nan,15.14434320150016,
distributed,1,3,10,0.24781071551903747,0.844,9.967391304347826,1.6560139707949761,0.01302898538731938,0.0022352092135283596,0.1347212062809696,0.04763885528259813,nan,nan,nan,nan,nan,nan,14.768710525977365,
distributed,1,3,20,0.26290120987974,0.8266,19.845654993514916,3.3165305667217964,0.012980175893302854,0.002541037835020589,0.11859376042523842,0.050471111206343684,nan,nan,nan,nan,nan,nan,14.981290042080408,
distributed,1,3,30,0.2761798009970385,0.8143,29.93348623853211,7.124432905485592,0.012672943546879319,0.002992397123529069,0.1134833181088865,0.057130788717184654,nan,nan,nan,nan,nan,nan,15.15081594960534,
distributed,1,3,50,0.29019148980100196,0.8027,49.2740021574973,11.6416278930397,0.013477148371648307,0.0012858274906907344,0.1260488503583508,0.06598136600232955,nan,nan,nan,nan,nan,nan,14.860097387932374,
distributed,1,3,70,0.3032969604054263,0.7919,69.85947046843177,22.819605057932094,0.01421424918039345,0.003279760918427822,0.13895165623737238,0.031467392878528976,nan,nan,nan,nan,nan,nan,15.01973085525234,
distributed,1,3,100,0.30670808471261174,0.7869,98.2258064516129,33.25939716831921,0.01224185836927792,0.002267839647796658,0.12997795129592407,0.037539177632877584,nan,nan,nan,nan,nan,nan,14.916137970323891,
Type,Simulation,case,tau_setup,lossValue,predictionAccuracy,avg_tau,stddev_tau,avg_each_local,stddev_each_local,avg_each_global,stddev_each_global,avg_betaAdapt,stddev_betaAdapt,avg_deltaAdapt,stddev_deltaAdapt,avg_rhoAdapt,stddev_rhoAdapt,total_time_recomputed
distributed,0,0,-1,0.1948880172241477,0.9481000036001205,14.201219512195122,4.1492716480769,0.013055773513171248,0.0025092984484767662,0.1245551234871885,0.03896244593855652,48.58225502597057,13.158169222834966,2.177481000223082,0.2787912725535845,0.6497001785402833,0.27604996806017706,15.067202267529572,
distributed,0,0,1,0.5409909864018361,0.8621999996900558,1.0,0.0,0.01327111017417464,0.007230634328754917,0.1275492967339231,0.057287576058510176,nan,nan,nan,nan,nan,nan,15.067783539166454,
distributed,0,0,2,0.3588720374678571,0.9070000010728837,1.9896907216494846,0.14139190265868384,0.012973339872140378,0.004675880687084581,0.12699921844669326,0.053822692520771605,nan,nan,nan,nan,nan,nan,14.952256982352113,
distributed,0,0,3,0.313373940276603,0.9161000025272371,2.9844357976653697,0.2997334439173632,0.013300175954205606,0.0037590796514731114,0.13234590893323522,0.0490883446226835,nan,nan,nan,nan,nan,nan,14.931255102821872,
distributed,0,0,5,0.2502882837379973,0.931500000357628,4.979591836734694,0.6244997998398398,0.012999933241273198,0.003212856780559443,0.12555702335891877,0.04457846479411595,nan,nan,nan,nan,nan,nan,15.13510148791659,
distributed,0,0,7,0.23079215394953898,0.936400002241135,6.964523281596453,0.9468181696950299,0.013216318713513106,0.003000935942113592,0.1334944896630423,0.05481423423642814,nan,nan,nan,nan,nan,nan,14.829547805113572,
distributed,0,0,10,0.20852264485942787,0.9436000019311909,9.967391304347826,1.6560139707949761,0.013516047488735005,0.00219076149807842,0.13330834582562978,0.05522238292652469,nan,nan,nan,nan,nan,nan,14.977255828776146,
